{
  "train_loss": [
    3.9090028427601062,
    3.2617750925306637,
    3.101255675333182,
    3.0301630774982677,
    2.9757706364549863,
    2.6989174788643853,
    2.4878612982355497,
    2.3760610838504497,
    2.3054914334478083,
    2.247225812834227,
    2.2104125985829297,
    2.178308645833833,
    2.1636073160735574,
    2.152862613443891,
    2.1490945395005117
  ],
  "val_loss": [
    3.1306899070739744,
    2.7694234510011313,
    2.6659441695937627,
    2.6000898943671698,
    2.5464029354385183,
    2.1133504386944106,
    1.984651872477954,
    1.904233504171613,
    1.8623207102093515,
    1.818420846024646,
    1.794960684791396,
    1.7818718948696233,
    1.774650710443907,
    1.7701414048671722,
    1.768039242602602
  ],
  "top1": [
    40.823762376237624,
    48.447524752475246,
    50.43168316831683,
    51.845544554455444,
    53.18019801980198,
    63.02574257425743,
    66.98613861386139,
    69.27920792079208,
    70.4950495049505,
    71.8019801980198,
    72.47920792079208,
    73.00594059405941,
    72.99405940594059,
    73.01386138613861,
    73.33465346534653
  ],
  "top5": [
    69.9049504950495,
    76.1029702970297,
    77.66732673267327,
    78.34059405940594,
    79.11683168316831,
    86.93465346534653,
    88.93861386138614,
    90.31287128712871,
    90.78019801980199,
    91.54059405940595,
    91.94851485148514,
    92.17029702970297,
    92.30495049504951,
    92.43960396039604,
    92.40792079207921
  ],
  "lr": [
    9.891830623632339e-05,
    9.572050015330874e-05,
    9.05463412215599e-05,
    8.362196501476348e-05,
    7.525e-05,
    9.757729755661012e-06,
    9.054634122155991e-06,
    7.959536998847744e-06,
    6.579634122155991e-06,
    5.050000000000001e-06,
    3.520365877844011e-06,
    2.140463001152259e-06,
    1.045365877844011e-06,
    3.422702443389901e-07,
    1e-07
  ]
}