{
  "train_loss": [
    3.90267478800243,
    3.255786884974265,
    3.1056678674872735,
    3.031166916413301,
    2.9810960942499234,
    2.7006824082042984,
    2.49155176773724,
    2.3780423023552646,
    2.3038654296167502,
    2.2497215337475294,
    2.2119154075454146,
    2.182163200803482,
    2.1657193086295377,
    2.156177050461989,
    2.1546600021085105
  ],
  "val_loss": [
    3.1255154952218263,
    2.795954131023793,
    2.654341369037387,
    2.580950476097155,
    2.5217061463790604,
    2.1147142910504644,
    1.978456708072107,
    1.9110298511348194,
    1.8694764725769621,
    1.8230931245827977,
    1.800253015681158,
    1.782574495786353,
    1.7745131854015062,
    1.7729374828217905,
    1.7692053498346594
  ],
  "val_top1_acc": [
    41.67920792079208,
    47.231683168316835,
    51.041584158415844,
    52.23762376237624,
    53.552475247524754,
    63.0019801980198,
    67.03366336633664,
    69.07722772277228,
    70.24950495049505,
    71.58415841584159,
    72.41584158415841,
    72.91485148514852,
    72.94257425742575,
    72.97029702970298,
    73.24752475247524
  ],
  "val_top5_acc": [
    70.51089108910891,
    75.21980198019801,
    77.60792079207921,
    78.99009900990099,
    79.61188118811882,
    86.6891089108911,
    89.06138613861386,
    90.21386138613862,
    90.67722772277227,
    91.50891089108912,
    91.88118811881188,
    92.11485148514852,
    92.32079207920792,
    92.32079207920792,
    92.36039603960396
  ],
  "lr": [
    9.891830623632339e-05,
    9.572050015330874e-05,
    9.05463412215599e-05,
    8.362196501476348e-05,
    7.525e-05,
    9.757729755661012e-06,
    9.054634122155991e-06,
    7.959536998847744e-06,
    6.579634122155991e-06,
    5.050000000000001e-06,
    3.520365877844011e-06,
    2.140463001152259e-06,
    1.045365877844011e-06,
    3.422702443389901e-07,
    1e-07
  ]
}